,precision,recall,f1-score,support
High,0.8076923076923077,0.84,0.8235294117647058,25.0
Low,0.9924715681563351,0.9726844583987441,0.9824783953064299,6370.0
Medium,0.9008356545961003,0.9688436189334931,0.9336027713625866,1669.0
accuracy,0.9714781746031746,0.9714781746031746,0.9714781746031746,0.9714781746031746
macro avg,0.9003331768149144,0.9271760257774124,0.9132035261445742,8064.0
weighted avg,0.9729328998473528,0.9714781746031746,0.9718698708829654,8064.0
