,precision,recall,f1-score,support
High,0.7931034482758621,0.92,0.8518518518518519,25.0
Low,0.991678668586974,0.9702520745263817,0.9808483697372586,6387.0
Medium,0.8924972004479284,0.9648910411622276,0.9272833042466551,1652.0
accuracy,0.9689980158730159,0.9689980158730159,0.9689980158730159,0.9689980158730159
macro avg,0.8924264391035882,0.9517143718962031,0.9199945086119219,8064.0
weighted avg,0.9707446202395682,0.9689980158730159,0.9694750561041222,8064.0
